,0,1,2,3,4,5,6,7,8,9,10,11,12,13,14,15,16,17,18,19,20,21,22,23,24,25,26,27,28,29,30,31,32,33,34,35,36,37,38,39,40,41,42,43,44,45,46,47,48,49,50,51,52,53,54,55,56,57,58,59,60,61,62,63,64,65,66,67,68,69,70,71,72,73,74,75,76,77,78,79,80,81,82,83,84,85,86,87,88,89,90,91,92,93,94,95,96,97,98,99,100,101,102,103,104,105,106,107,108,109,110,111,112,113,114,115,116,117,118,119,120,121,122,123,124,125,126,127,128,129,130,131,132,133,134,135,136,137,138,139,140,141,142,143,144,145,146,147,148
2019-11-01,ㄑ,へ,ㄛ,せ,ㄌ,ㄋ,ㄘ,ㄠ,ぺ,ㄝ,に,ん,w,ˊ,の,j,ㄕ,れ,え,ˇ,ね,i,y,む,ゆ,ㄅ,p,ゑ,ㄉ,た,し,こ,い,ぅ,ㄎ,ぼ,ぶ,ㄜ,r,じ,c,ゃ,ㄟ,ぇ,わ,ㄞ,だ,ㄙ,ぷ,ふ,と,ま,x,m,も,h,ら,b,e,く,っ,ぉ,ぱ,ぐ,つ,ㄊ,ㄐ,そ,ㄗ,お,が,ㄏ,a,げ,ㄆ,な,ㄧ,f,ぽ,ぴ,て,ぎ,g,あ,z,ㄢ,ㄖ,ょ,み,ち,ㄍ,ㄨ,び,ㄦ,ろ,t,k,ˋ,ㄣ,u,d,き,ゅ,ば,か,ㄩ,s,ざ,ゎ,ぃ,l,す,さ,ほ,る,q,o,う,ㄒ,べ,ㄔ,ど,ㄤ,n,ㄇ,を,ひ,v,め,で,ぞ,ず,ㄡ,や,ㄓ,ㄈ,ㄚ,け,ぜ,づ,ゐ,よ,ご,は,り,˙,ぢ,ぬ,ㄥ
2019-11-02,r,に,ㄥ,ˋ,ㄚ,お,ㄆ,ㄤ,ん,ㄦ,へ,ね,ㄈ,う,ざ,ぼ,ら,ㄘ,ㄖ,ㄗ,z,ぱ,ㄓ,ㄝ,ˇ,ぃ,o,は,そ,ゅ,ㄕ,i,ぽ,d,あ,ひ,ご,る,ㄒ,p,b,ゎ,と,j,ぬ,ㄩ,l,ぞ,ば,わ,き,ㄐ,ぉ,や,ㄇ,a,つ,ㄉ,か,っ,ぇ,え,h,w,n,が,な,ど,し,ゐ,ㄢ,q,ˊ,れ,の,て,ㄊ,ず,ゑ,ㄠ,ㄛ,f,m,ㄨ,ぺ,˙,u,ぜ,み,ぐ,ょ,ㄜ,ㄡ,ぅ,ぷ,こ,ほ,ふ,ㄎ,y,ㄋ,ㄅ,じ,t,c,づ,だ,ゆ,く,け,s,ろ,ㄙ,ㄍ,v,む,び,ま,ち,g,ㄞ,を,よ,で,x,す,e,せ,ㄌ,ぎ,め,げ,ㄟ,ぢ,k,も,べ,ㄧ,ぶ,さ,ゃ,り,ぴ,ㄣ,ㄏ,ㄑ,ㄔ,い,た
2019-11-03,た,ㄝ,g,お,べ,ず,ㄞ,ぇ,く,ゑ,づ,ぼ,よ,ひ,v,ㄘ,す,ゃ,ㄧ,ㄙ,ˊ,ˇ,ば,ㄆ,k,ど,j,ㄦ,を,ㄋ,で,ㄜ,じ,ふ,u,l,ㄇ,ぶ,ぅ,わ,ゅ,ㄥ,ゐ,ㄔ,だ,ろ,o,ㄏ,め,に,ぞ,ㄉ,せ,b,ㄨ,ね,の,ㄐ,ん,き,か,ㄕ,ほ,˙,て,び,i,ゆ,ㄗ,ぎ,ぢ,け,ㄛ,ぬ,ま,a,ㄍ,ぴ,ぉ,f,つ,さ,ら,ㄢ,ㄟ,う,え,c,ㄡ,t,ˋ,r,ㄒ,x,り,こ,み,そ,ㄩ,ぽ,ㄈ,な,ち,あ,ㄤ,ぷ,ぜ,ㄓ,y,m,ㄌ,し,ぐ,ぱ,ざ,n,や,d,も,ょ,い,w,が,ㄑ,ご,z,ㄠ,ぺ,h,と,ㄣ,s,ㄚ,れ,は,ㄅ,っ,p,ゎ,む,ㄖ,る,へ,e,げ,ㄊ,ぃ,q,ㄎ
2019-11-04,ご,ㄑ,ㄕ,ㄏ,し,ま,ㄜ,ぇ,ㄒ,ゃ,ㄍ,の,ㄌ,ㄉ,ㄝ,き,べ,ㄓ,ぉ,ぼ,ㄈ,q,c,げ,ひ,ㄅ,な,s,ぎ,ㄧ,り,d,f,ね,ˊ,を,i,ㄊ,か,ぺ,ㄨ,い,ㄢ,す,よ,ぬ,む,ㄠ,ㄙ,に,ㄣ,ぴ,ら,ぜ,ぅ,て,v,ㄔ,k,ぐ,ぱ,ぃ,w,れ,r,ㄆ,び,つ,み,こ,y,ふ,e,ど,と,ㄡ,z,ゑ,ㄇ,ㄤ,ろ,も,が,で,く,j,ㄘ,p,ㄋ,ゐ,u,ㄎ,l,ㄚ,ㄞ,ゅ,へ,ゆ,ぢ,h,わ,だ,ぶ,ㄗ,m,ˋ,え,ざ,ㄖ,a,め,ち,˙,は,o,ㄟ,ㄥ,る,っ,ば,お,た,g,け,ほ,ㄛ,づ,x,ぞ,ず,t,ゎ,あ,や,ん,n,ㄩ,ㄦ,ぽ,さ,b,ぷ,そ,せ,う,ょ,じ,ㄐ,ˇ
2019-11-05,ほ,b,ぬ,ㄐ,は,ぇ,ね,て,ぽ,o,だ,t,˙,え,u,ㄚ,ㄏ,ぞ,り,し,に,も,ㄒ,せ,う,ま,ぃ,と,i,る,ぎ,ㄞ,め,ぱ,ㄋ,d,w,ㄜ,ㄓ,q,ㄕ,ㄉ,ゃ,す,j,ㄇ,ㄧ,よ,y,f,ㄑ,x,の,ら,s,ㄍ,ˇ,ぢ,ㄆ,ㄙ,ˋ,ㄖ,や,む,ㄈ,こ,じ,げ,ㄢ,ふ,お,ㄩ,ˊ,h,ぺ,ざ,ㄦ,n,ㄗ,ㄣ,き,べ,ぅ,び,ㄝ,ご,ㄥ,ぴ,へ,か,v,ゑ,ぷ,ㄊ,ろ,ぶ,ぐ,l,ㄔ,e,ゅ,ㄌ,く,a,c,p,ぜ,ㄎ,ぼ,ㄟ,い,を,あ,け,っ,ん,ゆ,そ,ひ,が,つ,ょ,ど,ㄡ,r,さ,ㄘ,づ,み,ゎ,ㄛ,な,れ,ゐ,m,ㄠ,k,た,ㄅ,ぉ,わ,ず,ㄨ,z,で,g,ち,ば,ㄤ
2019-11-06,の,c,h,ぅ,や,ぱ,ˊ,ㄒ,る,ˇ,ず,ㄜ,g,j,び,v,ˋ,つ,ㄓ,ㄎ,p,へ,ㄌ,く,ㄗ,ㄥ,ㄅ,ㄉ,q,で,を,わ,け,げ,ぎ,t,え,r,ゆ,ご,ㄈ,ㄆ,ぺ,ゃ,ね,ひ,す,ㄛ,が,に,ㄦ,ㄍ,ㄞ,ㄧ,ぇ,ま,ぢ,ㄢ,っ,も,ぽ,ぬ,む,と,め,ㄋ,e,ゐ,せ,み,だ,a,z,は,˙,ら,m,ろ,ㄚ,k,s,ぷ,ょ,y,d,ㄊ,い,あ,ゑ,ㄟ,た,ㄘ,i,ん,ㄕ,そ,さ,ど,ふ,ㄠ,べ,l,ㄤ,し,り,ぜ,ㄝ,う,o,な,ㄙ,n,w,ㄇ,こ,f,ㄡ,づ,じ,ゎ,ㄣ,て,お,ぼ,よ,か,b,ぃ,ぶ,き,ぞ,ㄨ,ち,u,ば,ざ,ㄖ,ゅ,れ,ㄑ,x,ㄔ,ㄩ,ぉ,ぐ,ㄏ,ほ,ㄐ,ぴ
2019-11-07,u,ㄠ,ご,に,ず,る,や,e,ね,ま,ㄟ,み,れ,だ,く,ぬ,ㄗ,n,な,ぺ,ㄍ,ぴ,a,ˇ,ㄝ,ㄡ,m,ぽ,v,え,ぞ,ㄙ,x,ㄓ,ㄋ,ㄐ,ㄇ,ば,ぉ,ぶ,z,ょ,た,i,じ,む,ゐ,ㄢ,t,の,づ,せ,o,ㄉ,お,ㄏ,ㄘ,y,ろ,ㄤ,ち,き,か,げ,と,ㄧ,ㄒ,ㄔ,ˊ,ぢ,ぜ,も,ㄑ,め,い,あ,ㄎ,f,ˋ,l,j,り,b,ほ,˙,こ,q,ㄊ,さ,r,し,ㄨ,ぇ,す,う,h,ㄕ,つ,っ,ら,べ,へ,ゅ,ゆ,ㄅ,ぃ,ㄌ,p,ぐ,ど,c,が,ㄣ,ざ,d,ㄞ,ㄚ,ㄦ,け,k,s,ㄩ,ぼ,ㄛ,ひ,ㄆ,わ,ぅ,ぎ,ぷ,ゎ,ㄖ,は,ㄜ,g,ふ,ゑ,ㄥ,で,ㄈ,て,w,ん,び,ぱ,そ,よ,ゃ,を
2019-11-08,ぽ,ず,ㄗ,u,ん,s,ゎ,れ,み,り,は,ㄕ,j,に,ぶ,h,が,む,ふ,い,x,ほ,よ,ㄋ,ご,ぬ,k,ㄇ,v,び,ㄤ,z,で,ぐ,ㄢ,ㄨ,c,ぼ,ㄚ,ㄑ,べ,e,ゃ,ㄐ,n,え,ˊ,さ,ㄠ,ㄈ,ㄖ,ば,も,や,l,a,ね,ぉ,d,ㄓ,i,の,ㄛ,b,ぜ,じ,r,ㄔ,ど,つ,ㄦ,ぞ,ㄝ,g,ぷ,ˇ,ぇ,ぅ,m,ょ,ぃ,し,ち,ㄍ,こ,ㄅ,け,く,ㄌ,ろ,わ,な,w,ぱ,そ,う,ゆ,ま,ㄡ,ぢ,ゅ,き,ㄏ,ㄟ,ぴ,o,ㄉ,っ,ぎ,ㄒ,お,˙,ひ,す,る,t,づ,め,q,を,た,ㄙ,ㄆ,だ,ら,へ,f,ㄜ,か,ㄩ,ˋ,ゐ,ㄎ,ゑ,ざ,ㄧ,ぺ,と,ㄥ,ㄘ,て,げ,ㄞ,あ,p,ㄣ,せ,y,ㄊ
2019-11-09,て,が,ˋ,さ,ㄔ,ㄧ,ち,ㄢ,ˊ,g,ぅ,r,ㄡ,ㄞ,お,l,s,む,a,げ,る,ぐ,ㄏ,た,ぇ,h,な,d,t,づ,ㄨ,び,ㄚ,ゐ,ぽ,ひ,ば,ほ,ㄟ,ˇ,ㄑ,を,ぱ,ざ,に,ㄉ,ぴ,ㄗ,u,ぎ,v,f,o,ゑ,z,e,ぺ,ㄛ,ぶ,え,ㄐ,か,ㄍ,y,ㄩ,ゃ,ゅ,ㄌ,i,ふ,ょ,ね,ぷ,め,く,べ,x,じ,よ,n,ぼ,c,ㄙ,ゆ,わ,い,˙,ろ,の,j,ぉ,あ,ん,ㄆ,や,ㄦ,p,は,っ,ㄒ,ㄘ,ぬ,ㄤ,き,w,m,ぃ,し,ま,も,せ,と,q,ㄖ,ㄅ,ㄓ,つ,ぞ,ㄋ,こ,ㄎ,ㄣ,ㄠ,ら,ㄊ,ㄕ,k,ㄥ,ご,b,ぢ,ㄇ,ㄜ,で,ㄈ,ゎ,へ,う,そ,ぜ,ㄝ,ど,す,れ,だ,り,み,ず,け
2019-11-10,ㄤ,げ,ㄙ,˙,y,ょ,ㄑ,d,ぎ,ぃ,ㄈ,o,ぽ,s,ㄢ,お,ㄔ,ㄒ,ㄡ,ㄗ,ぇ,e,ひ,ㄘ,ぱ,u,れ,め,か,て,ㄜ,n,ゆ,っ,が,と,ぬ,え,や,く,ㄞ,つ,c,ㄨ,ば,ぅ,ご,し,ㄚ,ㄇ,せ,ぐ,ㄎ,き,ㄐ,の,w,を,ㄝ,ㄅ,へ,ぼ,わ,ま,ろ,た,ゃ,な,ゅ,い,ゐ,f,ˋ,で,k,z,ㄏ,ぷ,ˇ,ほ,そ,ㄕ,じ,ず,ら,ㄠ,l,よ,ㄩ,p,む,ぺ,ㄦ,ふ,り,だ,m,ㄊ,に,ち,ゑ,i,j,み,ぴ,ㄣ,h,t,び,る,q,ㄖ,あ,ㄋ,ぢ,g,ざ,ㄥ,ん,ˊ,ぉ,ㄓ,べ,は,ど,ぜ,ね,v,ㄍ,b,ㄌ,r,ゎ,け,う,さ,ぶ,こ,ㄧ,も,ㄉ,ㄆ,す,ぞ,x,ㄛ,a,ㄟ,づ
2019-11-11,ざ,す,ぅ,ぽ,f,ぐ,ㄚ,ㄤ,t,l,ㄉ,ち,ㄟ,ㄑ,ㄠ,む,も,ぇ,ぼ,ね,ㄏ,だ,z,の,ら,よ,け,ㄌ,˙,ㄥ,ㄘ,め,ㄦ,ゑ,と,ㄩ,ょ,こ,w,ㄖ,ぞ,ㄕ,ㄐ,い,g,ぺ,ㄅ,ぶ,た,n,v,は,う,ㄎ,ぃ,づ,u,j,o,ㄢ,さ,ˋ,ず,ㄒ,ㄧ,え,s,ゅ,げ,ˇ,あ,ぎ,つ,ゆ,ぱ,d,っ,お,ま,h,に,ぴ,で,し,ば,ぢ,ご,ふ,b,ど,み,な,p,じ,ゎ,ㄞ,m,k,れ,せ,り,ㄍ,ㄣ,が,ㄛ,て,ぉ,ㄨ,ㄈ,c,か,ㄡ,x,ㄆ,び,べ,ろ,ㄊ,ㄙ,る,q,ㄜ,く,a,ㄇ,y,き,わ,ほ,ˊ,や,ㄝ,ゐ,ん,ㄔ,ゃ,ぜ,そ,ㄋ,ㄗ,ひ,i,を,ぷ,r,ㄓ,e,ぬ,へ
2019-11-12,っ,べ,め,ㄓ,ㄙ,え,d,m,く,x,ㄆ,h,ㄨ,わ,c,び,ぎ,z,ぬ,げ,ゃ,w,ぉ,e,あ,ㄎ,ㄕ,ㄘ,g,ぼ,ㄚ,n,ぅ,u,せ,ほ,f,ぽ,を,ん,り,れ,ㄡ,ㄔ,ㄋ,ㄇ,も,ゑ,ˇ,ぺ,じ,で,a,つ,ㄟ,ひ,ㄏ,の,に,こ,ㄞ,ぴ,ら,ˊ,ど,ㄤ,k,ㄛ,y,ふ,し,ㄥ,ぶ,け,ㄩ,ㄊ,j,て,ㄑ,と,み,へ,ね,ご,v,ざ,l,ば,む,ぢ,ゆ,だ,ㄧ,r,ま,ㄗ,o,ぇ,ぱ,い,そ,˙,た,t,ぜ,ゐ,ˋ,は,s,ㄖ,ㄍ,ㄜ,ず,ㄦ,ぞ,な,き,q,i,ㄒ,ぃ,が,ㄉ,す,ょ,ゎ,ㄝ,ㄅ,ㄣ,b,さ,や,お,か,づ,ゅ,る,ㄠ,ぐ,ろ,ㄈ,ぷ,p,よ,ㄐ,ㄢ,う,ち,ㄌ
2019-11-13,w,ㄋ,p,ら,ㄈ,か,の,に,ㄒ,z,つ,ㄩ,ㄎ,k,s,ぷ,で,ㄘ,ㄖ,ぢ,ち,ㄌ,ゅ,そ,ㄨ,ㄣ,ゎ,れ,ㄐ,づ,す,ㄑ,ゃ,ぉ,じ,ろ,く,ほ,ㄞ,な,ぴ,ぜ,ど,べ,め,ㄊ,ㄟ,ぞ,ぐ,m,e,が,ˋ,せ,え,ぇ,ひ,a,ざ,ㄗ,ご,ㄛ,d,や,ㄧ,だ,げ,ぺ,あ,c,う,さ,ぽ,ˊ,l,し,よ,u,ぃ,お,j,ょ,ず,ㄇ,ぅ,ぬ,ㄠ,ゆ,ㄕ,ぶ,q,ㄢ,r,っ,ま,ね,ㄉ,f,ㄆ,こ,y,g,り,は,i,v,ㄤ,み,む,ㄙ,b,ば,も,t,ぼ,た,h,o,ゐ,び,n,x,ㄚ,い,˙,ふ,る,ㄦ,と,て,ㄥ,ぱ,ㄝ,へ,ˇ,ㄔ,ㄍ,を,わ,き,ゑ,ㄅ,ん,ㄓ,ㄏ,ㄜ,ぎ,け,ㄡ
2019-11-14,ぷ,や,ㄢ,む,ㄐ,せ,h,へ,g,v,ぅ,っ,ㄧ,き,ㄞ,な,れ,ㄩ,ㄛ,ㄟ,p,ㄨ,w,ゆ,ㄍ,ぴ,z,る,が,さ,ㄜ,う,ぢ,だ,げ,ˋ,み,ㄎ,r,め,か,ぶ,ほ,ち,ㄆ,も,t,c,n,い,s,に,ざ,べ,u,ㄕ,ㄌ,ㄅ,ゅ,ど,ㄒ,ㄝ,ぱ,あ,ぽ,ㄖ,ㄗ,ㄉ,ㄓ,ぐ,よ,ご,a,ぬ,ひ,d,ぃ,ぺ,q,ょ,ろ,ㄡ,ば,ㄙ,ぎ,ぼ,ゎ,ゐ,ㄔ,b,ゑ,び,ㄤ,ぞ,で,こ,ㄚ,ぉ,m,ㄈ,ず,づ,ㄣ,す,ま,そ,り,ㄦ,の,ㄋ,し,ら,f,く,j,x,は,お,ぜ,ㄑ,と,わ,i,ん,ㄠ,o,ˇ,ふ,e,て,ㄏ,ㄊ,ね,˙,ゃ,け,ㄇ,つ,じ,y,た,を,え,k,ˊ,ㄥ,l,ㄘ,ぇ
2019-11-15,ㄟ,ㄖ,ふ,く,ㄐ,l,ㄞ,ん,げ,む,ㄧ,ㄝ,ㄊ,o,え,ゆ,ㄡ,べ,ㄗ,が,ぃ,も,b,ち,い,ゎ,z,h,t,ㄍ,け,ㄉ,め,よ,ㄓ,で,ㄘ,せ,と,r,ば,つ,み,ね,n,あ,ぺ,へ,v,ㄚ,ˊ,ㄠ,ゑ,ㄇ,k,や,ㄤ,ㄥ,て,な,は,ㄑ,ぞ,q,ま,お,e,こ,づ,ㄏ,ゐ,c,ず,ぬ,g,ぇ,わ,に,ㄨ,x,ˇ,˙,す,u,s,じ,ぎ,び,ㄋ,ぼ,i,ぷ,ㄆ,ぴ,れ,ㄢ,の,ㄙ,ㄛ,ぱ,ぽ,ㄒ,ゃ,j,ざ,ぶ,ぅ,ぜ,ど,ゅ,f,だ,y,き,ㄔ,p,り,ご,ㄅ,ㄕ,ひ,a,ㄦ,を,ょ,ㄎ,ㄈ,ㄩ,る,ぢ,ㄌ,ほ,た,さ,ぉ,う,そ,ˋ,d,し,ら,っ,ㄣ,w,ぐ,m,か,ろ,ㄜ
2019-11-16,あ,p,し,じ,ㄢ,ふ,ㄎ,ぱ,m,え,ろ,o,ぉ,ゃ,ㄗ,k,ぢ,ひ,げ,ㄘ,ㄞ,か,ぽ,ㄖ,な,l,ぴ,こ,ぇ,v,ど,r,べ,ㄌ,せ,づ,ん,a,ぶ,ゎ,t,ぷ,f,ら,ず,ㄦ,ㄔ,ゅ,ˋ,ㄝ,と,ㄠ,ㄇ,ち,だ,ㄋ,ゆ,ˊ,ㄕ,ㄊ,ゐ,ˇ,j,ぺ,˙,ぞ,ㄅ,q,よ,も,に,い,b,ぎ,ざ,d,が,ㄙ,ㄨ,g,ㄥ,へ,む,c,つ,ば,み,i,u,う,s,ㄤ,ㄜ,h,ご,ㄍ,ㄣ,く,w,ゑ,z,ぅ,ㄏ,ㄈ,さ,の,で,ぼ,ま,ㄛ,ぐ,ほ,け,ぬ,は,ㄧ,ㄑ,ね,ㄟ,ぜ,め,び,ㄡ,ㄐ,ㄆ,ㄒ,ょ,そ,n,お,た,す,る,y,ㄓ,を,e,ㄉ,き,わ,や,ㄩ,れ,ㄚ,り,x,ぃ,っ,て
2019-11-17,ぇ,ㄅ,は,ㄥ,ㄟ,˙,m,ぎ,ぉ,ぶ,る,ㄨ,む,d,も,み,ㄝ,く,r,ぢ,ぜ,ふ,ㄓ,ㄧ,ざ,り,w,こ,た,ㄢ,n,め,ㄉ,ま,へ,ㄊ,さ,し,c,v,ㄚ,ㄑ,p,a,あ,ゆ,ㄒ,q,ˋ,ゎ,z,わ,せ,っ,ぐ,ぺ,ㄙ,ぽ,の,ぴ,じ,か,ㄦ,ひ,ほ,ㄆ,ㄣ,ば,k,ㄛ,ろ,び,ね,ぅ,t,i,ㄜ,な,ㄍ,け,う,と,だ,ㄘ,l,ㄈ,お,f,ㄗ,い,ち,ん,そ,ゐ,ず,ˊ,づ,が,x,y,ぬ,ぱ,b,ゅ,ㄋ,ㄐ,ㄖ,ど,ゑ,o,れ,ㄠ,ㄡ,げ,ㄤ,ぃ,ㄎ,ゃ,ˇ,ㄞ,e,s,ぼ,き,ぷ,ㄩ,え,す,ㄔ,ㄏ,で,g,て,ら,つ,ょ,ㄇ,ㄌ,を,ㄕ,べ,に,u,や,j,ご,よ,ぞ,h
2019-11-18,ㄊ,k,ㄤ,a,ぢ,り,る,ね,ㄡ,x,て,ち,ま,ㄨ,ら,ご,せ,c,y,ㄉ,ぺ,ゐ,ゎ,ˋ,は,わ,あ,ˊ,ぴ,ょ,ぼ,b,l,え,く,そ,s,ふ,ㄇ,ㄟ,e,ぶ,ㄩ,ぱ,w,ぞ,み,を,け,ㄓ,ㄌ,と,r,ぜ,d,ㄢ,い,m,ㄑ,ㄣ,ぬ,ㄙ,や,ゃ,げ,ㄦ,き,ぷ,v,で,ㄠ,に,ゆ,ひ,よ,ㄋ,ゑ,ㄒ,ㄍ,な,h,ㄝ,ざ,p,j,ㄆ,ㄗ,˙,ぃ,ㄈ,ㄏ,g,ㄕ,ㄞ,か,す,ㄐ,ぉ,び,れ,ㄘ,じ,も,ろ,め,ㄎ,ほ,た,っ,ず,ㄥ,さ,だ,ゅ,う,i,が,ぎ,の,へ,ぐ,し,つ,ㄛ,ㄚ,ぅ,ㄔ,ㄧ,ば,づ,n,ㄜ,t,o,こ,ㄅ,f,z,ぽ,u,ˇ,ぇ,ど,べ,ㄖ,q,お,ん,む
2019-11-19,ぬ,x,か,ㄧ,も,し,c,た,ㄕ,で,く,ㄨ,q,ぃ,ず,ˊ,の,ㄒ,ぇ,ぼ,ㄦ,l,ㄔ,ほ,m,ょ,ˇ,ㄞ,t,ゃ,ら,ん,き,h,ㄐ,p,ぎ,ゆ,つ,d,i,ご,ぜ,ㄍ,ㄗ,j,ㄝ,ㄏ,へ,ど,さ,ㄡ,ぷ,る,あ,ぺ,ㄣ,ゎ,ㄆ,ㄛ,ぞ,ぅ,ぐ,ㄜ,ㄥ,ゅ,な,ひ,ˋ,r,づ,u,め,g,を,い,に,そ,ね,ぶ,ぴ,は,ち,ㄑ,ま,む,ㄤ,ㄩ,え,ろ,こ,や,ぱ,ば,ㄚ,ぢ,ㄖ,て,ㄇ,ざ,b,v,f,っ,べ,ぽ,と,e,ㄟ,k,˙,ㄘ,ㄓ,う,ぉ,わ,ㄙ,w,ゑ,s,ㄢ,ㄋ,け,ㄊ,ふ,じ,ゐ,ㄅ,ㄎ,ㄈ,だ,び,り,z,が,お,す,せ,げ,ㄉ,n,み,o,よ,ㄌ,れ,y,ㄠ,a
2019-11-20,ㄎ,ぽ,つ,ㄢ,ぶ,に,り,ひ,ㄦ,げ,っ,ゎ,ほ,び,よ,v,は,˙,ぱ,b,ㄙ,ㄌ,し,ˇ,ぃ,む,ざ,く,ゐ,ㄇ,の,h,た,ぎ,お,ㄩ,ぞ,ㄍ,ぴ,t,ㄥ,f,m,ㄣ,ぇ,ぼ,ぢ,ㄤ,i,ら,ㄅ,ㄔ,ゃ,ゑ,y,す,ㄉ,ㄞ,わ,ㄝ,ㄜ,こ,z,あ,れ,ぉ,ぬ,ㄕ,s,が,ぜ,ま,も,て,ㄏ,う,け,ㄟ,そ,ろ,e,j,ㄋ,ず,だ,ん,き,r,み,ㄖ,d,ㄛ,め,ㄒ,ㄊ,ぺ,ち,ㄗ,ゆ,る,ㄆ,へ,ば,で,ㄓ,c,ょ,ˋ,ˊ,ㄑ,ふ,ね,ㄘ,ゅ,い,l,q,ㄐ,x,さ,k,w,え,か,べ,o,ㄡ,ご,u,n,せ,ぷ,ぅ,を,ㄨ,や,ㄠ,ぐ,と,g,p,ㄧ,ど,ㄚ,な,じ,a,ㄈ,づ
2019-11-21,う,ぽ,ぬ,ず,つ,ㄡ,ㄜ,じ,も,こ,ㄆ,i,は,づ,ぼ,ㄇ,そ,ね,ま,c,d,ㄏ,r,ㄥ,と,ㄑ,t,ㄝ,ㄞ,て,ろ,ぃ,な,あ,ˇ,け,ち,k,む,p,x,ㄙ,ぴ,る,ゆ,ㄈ,m,べ,ん,き,ㄓ,を,っ,に,ㄅ,り,し,w,か,ぅ,ゎ,ぐ,た,せ,ㄕ,ゅ,ぇ,ㄘ,み,め,ˋ,ㄗ,び,ㄔ,の,お,s,ㄛ,ㄣ,ゑ,ぉ,ㄨ,e,ㄋ,ㄎ,わ,ㄦ,ご,ぢ,い,が,ぜ,ふ,ㄩ,a,ㄐ,ㄢ,ど,ㄠ,ぞ,h,ㄟ,す,へ,ㄊ,く,ぎ,ˊ,ㄌ,ㄉ,ㄤ,n,ぱ,o,v,ぶ,˙,だ,ㄍ,よ,g,f,げ,や,l,ゐ,ら,ぺ,ほ,え,ひ,で,q,ㄖ,さ,b,ㄚ,ゃ,ㄒ,れ,ぷ,j,ば,ょ,y,ㄧ,ざ,z,u
2019-11-22,ㄉ,ゆ,け,u,ぷ,こ,ㄔ,ㄇ,な,ㄚ,ぴ,ㄕ,d,っ,t,ぞ,ㄗ,び,で,ぶ,ゐ,ぢ,ふ,ぅ,ぃ,ど,ぬ,ま,ㄐ,ㄎ,ら,l,ゅ,ぇ,み,さ,ㄑ,す,ㄓ,ひ,よ,の,ぐ,が,p,ぽ,a,z,ぉ,む,ㄘ,e,ぱ,q,w,ㄢ,ㄆ,て,げ,s,そ,m,も,ん,f,つ,た,じ,ㄨ,れ,だ,お,ぺ,あ,ろ,ゑ,う,ば,ㄊ,ㄍ,ㄟ,ㄧ,ぼ,ㄋ,ㄩ,ㄤ,h,i,と,ゃ,n,べ,き,か,g,に,え,ぜ,ㄦ,ㄥ,ㄙ,v,る,ㄅ,ㄞ,せ,ち,r,ゎ,め,ˋ,ず,り,˙,ㄖ,x,ㄜ,ざ,く,y,ㄒ,ㄈ,o,や,ご,ˊ,k,ㄛ,ㄠ,は,b,を,ㄌ,ほ,づ,ょ,い,ね,ㄝ,j,ㄡ,ㄣ,へ,わ,ㄏ,c,ˇ,し,ぎ
2019-11-23,う,a,ㄌ,ㄒ,ㄜ,u,m,せ,ぜ,ㄚ,ㄧ,t,˙,ㄎ,n,い,ㄨ,q,ご,ㄉ,ぴ,は,か,め,を,f,へ,で,ぅ,ㄍ,ぐ,ㄦ,ど,e,し,び,ざ,ら,g,る,ㄈ,ぞ,ㄛ,べ,ㄣ,ㄊ,こ,て,や,ㄕ,c,ㄝ,ㄠ,ず,ぃ,l,ゎ,む,ㄢ,ㄡ,h,ゑ,ˋ,わ,z,な,ㄗ,づ,o,ふ,ㄓ,そ,ぽ,ね,ㄋ,た,み,ˊ,く,ぼ,ゐ,よ,ㄞ,ㄅ,す,ぇ,ぶ,ぉ,ㄐ,ゅ,じ,ㄆ,ㄥ,っ,j,れ,ぷ,え,ㄘ,ㄔ,ゃ,け,v,ぬ,ん,ぺ,b,s,ˇ,の,d,ㄩ,ほ,ょ,ㄤ,つ,ば,y,r,ㄏ,ろ,k,き,ぎ,ひ,ㄟ,ぱ,さ,ㄑ,に,も,i,ぢ,ゆ,が,x,お,り,ま,ち,あ,w,だ,ㄇ,と,げ,p,ㄖ,ㄙ
2019-11-24,つ,ば,ㄍ,ㄉ,ㄟ,x,ㄜ,ぜ,う,よ,ㄡ,ㄔ,v,も,か,ろ,に,ㄩ,ぇ,ㄒ,ふ,l,ㄢ,k,ㄏ,び,ˊ,を,ぃ,べ,ゃ,ㄌ,ち,ㄆ,ん,ゐ,ㄐ,ㄨ,み,で,ぅ,r,ㄇ,ゆ,ぬ,z,と,ㄅ,き,ぞ,ㄙ,ら,i,け,そ,ゑ,q,ㄤ,o,ㄊ,d,ぺ,く,ぱ,ˇ,n,ㄧ,が,わ,む,ㄝ,る,ㄘ,ぽ,ㄓ,ょ,ね,こ,ぶ,h,ㄑ,˙,e,ぢ,て,だ,ぼ,ど,ほ,ㄎ,ご,f,m,じ,あ,ㄠ,づ,ˋ,し,g,ぴ,ㄛ,え,b,ㄕ,り,ㄞ,ず,め,た,ぐ,さ,す,ㄦ,の,ぷ,や,t,れ,な,ㄣ,い,ㄈ,ㄋ,っ,ㄚ,ㄗ,ㄖ,せ,ゎ,お,ま,ひ,u,ざ,s,ぉ,p,w,j,は,ゅ,ぎ,y,c,へ,ㄥ,げ,a
2019-11-25,け,ば,ざ,っ,ㄦ,ゃ,だ,も,ㄊ,あ,ㄗ,ぶ,i,r,x,j,ˇ,ㄒ,ㄔ,ㄧ,ㄉ,ㄈ,ㄇ,れ,f,ㄣ,す,ㄎ,ㄙ,ろ,ㄛ,ㄜ,ㄥ,ˋ,が,z,ぢ,づ,d,ㄞ,て,ほ,ゐ,ㄏ,ぱ,と,ㄅ,ぉ,o,ん,ㄐ,ㄢ,ㄡ,く,ゎ,せ,ㄌ,ぷ,ㄍ,b,に,い,ㄟ,や,v,へ,ひ,g,ㄘ,ㄖ,ㄕ,う,か,a,ゅ,ず,ㄨ,q,ぜ,た,ぇ,ㄋ,p,げ,よ,ら,わ,ぅ,t,ㄩ,め,で,べ,ぞ,る,ち,ぴ,u,m,ㄚ,ぼ,s,l,む,ぎ,ぬ,h,び,ゑ,お,ㄆ,ま,n,き,ㄑ,そ,ぃ,ふ,し,つ,ㄓ,ゆ,ご,ㄠ,ぽ,こ,さ,ね,は,り,ㄤ,の,ょ,e,え,じ,ど,ぺ,を,w,ㄝ,み,y,な,c,˙,ˊ,ぐ,k
2019-11-26,ˇ,ˋ,を,ㄆ,ょ,g,ㄦ,ぉ,は,え,q,て,ぴ,だ,ㄛ,ゐ,ㄞ,ぞ,u,ざ,し,ㄟ,ㄈ,ㄅ,や,ㄊ,z,ぎ,ぽ,く,そ,t,ㄓ,か,ば,ぬ,あ,が,い,ぅ,お,ふ,す,ん,ち,む,f,c,k,ゎ,ㄍ,な,づ,ぶ,ㄙ,ゃ,の,ㄎ,ゆ,ど,ㄐ,ら,ゑ,s,ぜ,ㄑ,う,ㄠ,ㄨ,け,m,ぢ,v,ㄜ,げ,l,ㄡ,ほ,b,ㄌ,へ,ㄚ,っ,ひ,ˊ,ご,e,˙,y,ぺ,み,p,つ,た,ㄥ,ぐ,び,ㄋ,ゅ,べ,で,ぼ,ㄉ,ぱ,き,n,ろ,ㄢ,る,a,ぃ,d,ㄔ,ず,こ,せ,ね,わ,ㄒ,r,じ,x,さ,ㄘ,ㄩ,ぷ,に,り,ㄝ,w,ま,れ,ㄕ,ㄤ,と,i,ㄣ,ㄇ,ㄗ,も,ㄏ,j,ㄖ,め,h,ㄧ,ぇ,o,よ
2019-11-27,ぎ,う,ぺ,ㄕ,ㄨ,ㄣ,ㄆ,ぞ,ゆ,ˇ,つ,く,ㄌ,ば,n,l,え,こ,で,ら,た,あ,ぴ,ぉ,ざ,お,ㄟ,ぷ,と,や,ㄔ,せ,o,む,ㄦ,が,じ,ㄊ,ぬ,す,ゃ,め,ぅ,ㄠ,ぐ,の,p,わ,か,r,れ,y,ㄍ,ˋ,ず,ㄈ,べ,x,ぼ,ㄚ,よ,そ,な,ち,m,っ,み,ひ,q,ㄙ,ん,ㄉ,i,ㄑ,び,ね,ㄛ,ふ,ㄒ,を,ㄏ,ㄤ,f,ˊ,い,b,ㄇ,ゑ,も,u,り,ㄋ,へ,ろ,る,ゅ,ㄥ,ㄡ,は,ㄓ,t,ゎ,ぶ,v,ㄖ,ㄞ,ま,ど,げ,ㄅ,a,s,ぜ,ぃ,て,ほ,˙,ㄐ,ㄎ,だ,ぢ,d,に,ぇ,ㄝ,ㄩ,づ,j,ㄘ,ぱ,z,ゐ,し,k,さ,ㄗ,き,け,g,e,ㄧ,ょ,ㄜ,h,ㄢ,ご,ぽ,w,c
2019-11-28,い,つ,ぺ,ㄡ,だ,ㄤ,ㄌ,ㄇ,ㄟ,ㄖ,じ,て,せ,す,へ,ㄒ,i,ろ,ぜ,g,ˇ,ㄏ,d,ぬ,ㄆ,ざ,く,み,z,お,e,ㄢ,h,r,ち,っ,ほ,ぢ,ご,ゅ,ㄍ,ぐ,n,ˊ,ふ,ぅ,ㄔ,ㄗ,t,め,わ,ㄎ,あ,ㄕ,ㄙ,ㄘ,の,ぼ,が,ˋ,y,ぉ,l,ゆ,は,に,ず,ぷ,c,で,ㄝ,ば,ㄩ,ㄚ,ㄋ,ま,る,れ,な,ぃ,o,x,ぴ,w,ら,た,ㄛ,む,s,よ,ㄦ,ㄠ,ょ,b,ㄞ,こ,p,び,ㄐ,ㄓ,ゃ,ㄧ,ゐ,a,ね,り,を,ど,ぱ,ㄅ,う,f,と,ㄈ,ㄊ,え,そ,き,ㄨ,k,ぶ,べ,さ,も,ゑ,m,ひ,u,け,ㄜ,j,か,し,づ,げ,や,ゎ,ㄥ,q,ㄉ,ぞ,ん,ぽ,ぎ,˙,ㄣ,ㄑ,v,ぇ
2019-11-29,ぼ,さ,や,˙,ほ,ろ,ぜ,ㄧ,ㄥ,k,ㄡ,ら,ぅ,づ,ょ,ㄉ,ㄆ,ㄞ,ぇ,へ,ㄑ,d,し,ㄍ,ぎ,よ,る,ㄜ,に,と,て,ぷ,れ,j,じ,す,け,ゆ,ぃ,ぐ,ば,h,ㄤ,ぬ,で,ぉ,m,び,ぶ,つ,た,ゐ,う,ㄛ,ˊ,か,ㄅ,ㄝ,ㄗ,ぽ,っ,ㄠ,ˋ,ㄖ,x,ぞ,り,ふ,l,ㄇ,ぺ,ㄏ,i,ㄋ,ゎ,ど,を,g,ㄈ,ず,r,a,ㄘ,z,c,f,き,y,の,ゃ,ㄒ,ご,ㄩ,ㄕ,ぴ,ㄚ,げ,ざ,q,p,く,も,ㄨ,e,ㄊ,ね,ち,o,ㄔ,ん,ㄐ,め,s,が,な,ㄣ,だ,は,ˇ,w,お,わ,ㄦ,ㄙ,む,せ,ㄎ,べ,n,ぱ,そ,み,ㄌ,ㄢ,t,ㄟ,こ,あ,え,u,ぢ,ㄓ,い,v,ひ,ま,ゅ,ゑ,b
2019-11-30,r,ˋ,ㄒ,ㄏ,た,は,j,ㄕ,ˇ,ぬ,う,ざ,せ,ㄍ,ぽ,む,ㄊ,ぞ,や,り,づ,お,ぇ,ㄎ,ㄣ,さ,ご,a,i,え,そ,ㄠ,ぱ,か,に,p,˙,ㄘ,ず,ゎ,m,ゅ,ぅ,ゆ,ぃ,と,ㄢ,o,だ,も,る,わ,ぜ,ㄝ,ㄨ,ょ,ほ,ぢ,ㄛ,な,ㄖ,ぴ,ˊ,び,ゃ,ゑ,ㄋ,ㄦ,q,ㄧ,y,ぐ,u,て,み,こ,d,い,ㄗ,ぺ,ら,ひ,ㄚ,ㄜ,n,ぼ,け,の,ま,で,く,き,ㄅ,l,よ,つ,ぉ,ね,ゐ,ㄥ,ち,ど,c,ば,ろ,h,が,す,を,ㄇ,め,あ,w,ん,ㄔ,し,ㄓ,べ,ぷ,ㄟ,k,へ,ぶ,z,g,げ,x,ㄙ,t,れ,ㄤ,ㄉ,ㄑ,f,ㄆ,っ,ㄡ,ㄐ,s,b,ㄌ,ㄩ,ぎ,ㄈ,v,ㄞ,ふ,e,じ
